key.projectId,key.userId,key.sourceId,value.time,value.timeReceived,value.batteryLevel,value.isPlugged,value.status
Radar-test ,07a69f47-1923-4cfc-b89b-0eefad483f43,b9b1fe39-4ed0-45eb-ab0e-9591d49c0e9e,1.572293265388E9,1.572293265388E9,0.26,false,DISCHARGING
Radar-test ,07a69f47-1923-4cfc-b89b-0eefad483f43,b9b1fe39-4ed0-45eb-ab0e-9591d49c0e9e,1.572293865389E9,1.572293865389E9,0.25,false,DISCHARGING
Radar-test ,07a69f47-1923-4cfc-b89b-0eefad483f43,b9b1fe39-4ed0-45eb-ab0e-9591d49c0e9e,1.572294465389E9,1.572294465389E9,0.25,false,DISCHARGING
Radar-test ,07a69f47-1923-4cfc-b89b-0eefad483f43,b9b1fe39-4ed0-45eb-ab0e-9591d49c0e9e,1.572295065386E9,1.572295065386E9,0.25,false,DISCHARGING
Radar-test ,07a69f47-1923-4cfc-b89b-0eefad483f43,b9b1fe39-4ed0-45eb-ab0e-9591d49c0e9e,1.572295665401E9,1.572295665401E9,0.25,false,DISCHARGING
Radar-test ,07a69f47-1923-4cfc-b89b-0eefad483f43,b9b1fe39-4ed0-45eb-ab0e-9591d49c0e9e,1.572296265416E9,1.572296265416E9,0.24,false,DISCHARGING
