key.projectId,key.userId,key.sourceId,value.time,value.timeReceived,value.batteryLevel,value.isPlugged,value.status
Radar-test ,07a69f47-1923-4cfc-b89b-0eefad483f43,b9b1fe39-4ed0-45eb-ab0e-9591d49c0e9e,1.573240151312E9,1.573240151312E9,0.87,false,DISCHARGING
Radar-test ,07a69f47-1923-4cfc-b89b-0eefad483f43,b9b1fe39-4ed0-45eb-ab0e-9591d49c0e9e,1.573240752353E9,1.573240752353E9,0.87,false,DISCHARGING
Radar-test ,07a69f47-1923-4cfc-b89b-0eefad483f43,b9b1fe39-4ed0-45eb-ab0e-9591d49c0e9e,1.573241294068E9,1.573241294068E9,0.87,false,DISCHARGING
Radar-test ,07a69f47-1923-4cfc-b89b-0eefad483f43,b9b1fe39-4ed0-45eb-ab0e-9591d49c0e9e,1.57324188213E9,1.57324188213E9,0.87,false,DISCHARGING
Radar-test ,07a69f47-1923-4cfc-b89b-0eefad483f43,b9b1fe39-4ed0-45eb-ab0e-9591d49c0e9e,1.573242482146E9,1.573242482146E9,0.87,false,DISCHARGING
Radar-test ,07a69f47-1923-4cfc-b89b-0eefad483f43,b9b1fe39-4ed0-45eb-ab0e-9591d49c0e9e,1.57324314477E9,1.57324314477E9,0.86,false,DISCHARGING
