key.projectId,key.userId,key.sourceId,value.time,value.timeReceived,value.batteryLevel,value.isPlugged,value.status
Radar-test ,07a69f47-1923-4cfc-b89b-0eefad483f43,b9b1fe39-4ed0-45eb-ab0e-9591d49c0e9e,1.571839242067E9,1.571839242067E9,0.97,false,DISCHARGING
Radar-test ,07a69f47-1923-4cfc-b89b-0eefad483f43,b9b1fe39-4ed0-45eb-ab0e-9591d49c0e9e,1.57183989915E9,1.57183989915E9,0.96,false,DISCHARGING
Radar-test ,07a69f47-1923-4cfc-b89b-0eefad483f43,b9b1fe39-4ed0-45eb-ab0e-9591d49c0e9e,1.571840600094E9,1.571840600094E9,0.96,false,DISCHARGING
Radar-test ,07a69f47-1923-4cfc-b89b-0eefad483f43,b9b1fe39-4ed0-45eb-ab0e-9591d49c0e9e,1.571840974858E9,1.571840974858E9,0.96,false,DISCHARGING
Radar-test ,07a69f47-1923-4cfc-b89b-0eefad483f43,b9b1fe39-4ed0-45eb-ab0e-9591d49c0e9e,1.57184157486E9,1.57184157486E9,0.95,false,DISCHARGING
Radar-test ,07a69f47-1923-4cfc-b89b-0eefad483f43,b9b1fe39-4ed0-45eb-ab0e-9591d49c0e9e,1.57184217486E9,1.57184217486E9,0.95,false,DISCHARGING
Radar-test ,07a69f47-1923-4cfc-b89b-0eefad483f43,b9b1fe39-4ed0-45eb-ab0e-9591d49c0e9e,1.571842774859E9,1.571842774859E9,0.95,false,DISCHARGING
