key.projectId,key.userId,key.sourceId,value.time,value.timeReceived,value.batteryLevel,value.isPlugged,value.status
Radar-test ,07a69f47-1923-4cfc-b89b-0eefad483f43,b9b1fe39-4ed0-45eb-ab0e-9591d49c0e9e,1.574784225339E9,1.574784225339E9,0.32,false,DISCHARGING
Radar-test ,07a69f47-1923-4cfc-b89b-0eefad483f43,b9b1fe39-4ed0-45eb-ab0e-9591d49c0e9e,1.574784825341E9,1.574784825341E9,0.31,false,DISCHARGING
Radar-test ,07a69f47-1923-4cfc-b89b-0eefad483f43,b9b1fe39-4ed0-45eb-ab0e-9591d49c0e9e,1.574785650445E9,1.574785650445E9,0.3,false,DISCHARGING
Radar-test ,07a69f47-1923-4cfc-b89b-0eefad483f43,b9b1fe39-4ed0-45eb-ab0e-9591d49c0e9e,1.574786025336E9,1.574786025336E9,0.3,false,DISCHARGING
Radar-test ,07a69f47-1923-4cfc-b89b-0eefad483f43,b9b1fe39-4ed0-45eb-ab0e-9591d49c0e9e,1.574786625336E9,1.574786625336E9,0.3,false,DISCHARGING
Radar-test ,07a69f47-1923-4cfc-b89b-0eefad483f43,b9b1fe39-4ed0-45eb-ab0e-9591d49c0e9e,1.574787450456E9,1.574787450456E9,0.29,false,DISCHARGING
