key.projectId,key.userId,key.sourceId,value.time,value.timeReceived,value.batteryLevel,value.isPlugged,value.status
Radar-test ,07a69f47-1923-4cfc-b89b-0eefad483f43,b9b1fe39-4ed0-45eb-ab0e-9591d49c0e9e,1.575039999713E9,1.575039999713E9,0.77,true,CHARGING
Radar-test ,07a69f47-1923-4cfc-b89b-0eefad483f43,b9b1fe39-4ed0-45eb-ab0e-9591d49c0e9e,1.575040466873E9,1.575040466873E9,0.81,true,CHARGING
Radar-test ,07a69f47-1923-4cfc-b89b-0eefad483f43,b9b1fe39-4ed0-45eb-ab0e-9591d49c0e9e,1.575041041986E9,1.575041041986E9,0.87,true,CHARGING
Radar-test ,07a69f47-1923-4cfc-b89b-0eefad483f43,b9b1fe39-4ed0-45eb-ab0e-9591d49c0e9e,1.575041642984E9,1.575041642984E9,0.9,true,CHARGING
Radar-test ,07a69f47-1923-4cfc-b89b-0eefad483f43,b9b1fe39-4ed0-45eb-ab0e-9591d49c0e9e,1.575042243025E9,1.575042243025E9,0.94,true,CHARGING
Radar-test ,07a69f47-1923-4cfc-b89b-0eefad483f43,b9b1fe39-4ed0-45eb-ab0e-9591d49c0e9e,1.575042947581E9,1.575042947581E9,0.96,true,CHARGING
