key.projectId,key.userId,key.sourceId,value.time,value.timeReceived,value.batteryLevel,value.isPlugged,value.status
Radar-test ,07a69f47-1923-4cfc-b89b-0eefad483f43,cc8a9c33-f5c6-4729-ae05-37956b3a9d83,1.597147695486E9,1.597147695486E9,0.23,false,DISCHARGING
Radar-test ,07a69f47-1923-4cfc-b89b-0eefad483f43,cc8a9c33-f5c6-4729-ae05-37956b3a9d83,1.597148295485E9,1.597148295485E9,0.23,false,DISCHARGING
Radar-test ,07a69f47-1923-4cfc-b89b-0eefad483f43,cc8a9c33-f5c6-4729-ae05-37956b3a9d83,1.597149045343E9,1.597149045343E9,0.23,false,DISCHARGING
Radar-test ,07a69f47-1923-4cfc-b89b-0eefad483f43,cc8a9c33-f5c6-4729-ae05-37956b3a9d83,1.597149495488E9,1.597149495488E9,0.22,false,DISCHARGING
Radar-test ,07a69f47-1923-4cfc-b89b-0eefad483f43,cc8a9c33-f5c6-4729-ae05-37956b3a9d83,1.597150095487E9,1.597150095487E9,0.22,false,DISCHARGING
Radar-test ,07a69f47-1923-4cfc-b89b-0eefad483f43,cc8a9c33-f5c6-4729-ae05-37956b3a9d83,1.597150695487E9,1.597150695487E9,0.22,false,DISCHARGING
