key.projectId,key.userId,key.sourceId,value.time,value.timeReceived,value.batteryLevel,value.isPlugged,value.status
Radar-test ,07a69f47-1923-4cfc-b89b-0eefad483f43,cc8a9c33-f5c6-4729-ae05-37956b3a9d83,1.580526755954E9,1.580526755954E9,0.06,false,DISCHARGING
Radar-test ,07a69f47-1923-4cfc-b89b-0eefad483f43,cc8a9c33-f5c6-4729-ae05-37956b3a9d83,1.580527130285E9,1.580527130285E9,0.06,false,DISCHARGING
Radar-test ,07a69f47-1923-4cfc-b89b-0eefad483f43,cc8a9c33-f5c6-4729-ae05-37956b3a9d83,1.580527956069E9,1.580527956069E9,0.06,false,DISCHARGING
Radar-test ,07a69f47-1923-4cfc-b89b-0eefad483f43,cc8a9c33-f5c6-4729-ae05-37956b3a9d83,1.580528330289E9,1.580528330289E9,0.06,false,DISCHARGING
Radar-test ,07a69f47-1923-4cfc-b89b-0eefad483f43,cc8a9c33-f5c6-4729-ae05-37956b3a9d83,1.580528930291E9,1.580528930291E9,0.06,false,DISCHARGING
