key.projectId,key.userId,key.sourceId,value.time,value.timeReceived,value.batteryLevel,value.isPlugged,value.status
Radar-test ,07a69f47-1923-4cfc-b89b-0eefad483f43,cc8a9c33-f5c6-4729-ae05-37956b3a9d83,1.602100967745E9,1.602100967745E9,0.05,false,DISCHARGING
Radar-test ,07a69f47-1923-4cfc-b89b-0eefad483f43,cc8a9c33-f5c6-4729-ae05-37956b3a9d83,1.602101792728E9,1.602101792728E9,0.05,false,DISCHARGING
Radar-test ,07a69f47-1923-4cfc-b89b-0eefad483f43,cc8a9c33-f5c6-4729-ae05-37956b3a9d83,1.602102167744E9,1.602102167744E9,0.05,false,DISCHARGING
Radar-test ,07a69f47-1923-4cfc-b89b-0eefad483f43,cc8a9c33-f5c6-4729-ae05-37956b3a9d83,1.602102767746E9,1.602102767746E9,0.04,false,DISCHARGING
Radar-test ,07a69f47-1923-4cfc-b89b-0eefad483f43,cc8a9c33-f5c6-4729-ae05-37956b3a9d83,1.602103367747E9,1.602103367747E9,0.04,false,DISCHARGING
Radar-test ,07a69f47-1923-4cfc-b89b-0eefad483f43,cc8a9c33-f5c6-4729-ae05-37956b3a9d83,1.602104117642E9,1.602104117642E9,0.04,false,DISCHARGING
