key.projectId,key.userId,key.sourceId,value.time,value.timeReceived,value.batteryLevel,value.isPlugged,value.status
Radar-test ,07a69f47-1923-4cfc-b89b-0eefad483f43,cc8a9c33-f5c6-4729-ae05-37956b3a9d83,1.580151824489E9,1.580151824489E9,0.29,false,DISCHARGING
Radar-test ,07a69f47-1923-4cfc-b89b-0eefad483f43,cc8a9c33-f5c6-4729-ae05-37956b3a9d83,1.580152424487E9,1.580152424487E9,0.29,false,DISCHARGING
Radar-test ,07a69f47-1923-4cfc-b89b-0eefad483f43,cc8a9c33-f5c6-4729-ae05-37956b3a9d83,1.580153024489E9,1.580153024489E9,0.29,false,DISCHARGING
Radar-test ,07a69f47-1923-4cfc-b89b-0eefad483f43,cc8a9c33-f5c6-4729-ae05-37956b3a9d83,1.580153624503E9,1.580153624503E9,0.29,false,DISCHARGING
Radar-test ,07a69f47-1923-4cfc-b89b-0eefad483f43,cc8a9c33-f5c6-4729-ae05-37956b3a9d83,1.580154224489E9,1.580154224489E9,0.28,false,DISCHARGING
Radar-test ,07a69f47-1923-4cfc-b89b-0eefad483f43,cc8a9c33-f5c6-4729-ae05-37956b3a9d83,1.580154824492E9,1.580154824492E9,0.28,false,DISCHARGING
