key.projectId,key.userId,key.sourceId,value.time,value.timeReceived,value.batteryLevel,value.isPlugged,value.status
Radar-test ,5c0e2ec7-6f85-4041-9669-7145075d1754,9f0cb48e-b010-4c78-8f2c-660e22d2e603,1.540834091994E9,1.540834091994E9,0.98,false,DISCHARGING
Radar-test ,5c0e2ec7-6f85-4041-9669-7145075d1754,9f0cb48e-b010-4c78-8f2c-660e22d2e603,1.540834691956E9,1.540834691956E9,0.97,false,DISCHARGING
Radar-test ,5c0e2ec7-6f85-4041-9669-7145075d1754,9f0cb48e-b010-4c78-8f2c-660e22d2e603,1.540835291933E9,1.540835291933E9,0.95,false,DISCHARGING
Radar-test ,5c0e2ec7-6f85-4041-9669-7145075d1754,9f0cb48e-b010-4c78-8f2c-660e22d2e603,1.540835892005E9,1.540835892005E9,0.94,false,DISCHARGING
