key.projectId,key.userId,key.sourceId,value.time,value.timeReceived,value.batteryLevel,value.isPlugged,value.status
Radar-test ,5c0e2ec7-6f85-4041-9669-7145075d1754,9f0cb48e-b010-4c78-8f2c-660e22d2e603,1.540559220754E9,1.540559220754E9,0.03,false,DISCHARGING
Radar-test ,5c0e2ec7-6f85-4041-9669-7145075d1754,9f0cb48e-b010-4c78-8f2c-660e22d2e603,1.54055952089E9,1.54055952089E9,0.03,false,DISCHARGING
Radar-test ,5c0e2ec7-6f85-4041-9669-7145075d1754,9f0cb48e-b010-4c78-8f2c-660e22d2e603,1.540560120748E9,1.540560120748E9,0.03,false,DISCHARGING
