key.projectId,key.userId,key.sourceId,value.time,value.timeReceived,value.batteryLevel,value.isPlugged,value.status
Radar-test ,5c0e2ec7-6f85-4041-9669-7145075d1754,9f0cb48e-b010-4c78-8f2c-660e22d2e603,1.541027434771E9,1.541027434771E9,0.63,false,DISCHARGING
Radar-test ,5c0e2ec7-6f85-4041-9669-7145075d1754,9f0cb48e-b010-4c78-8f2c-660e22d2e603,1.541027530895E9,1.541027530895E9,0.63,false,DISCHARGING
Radar-test ,5c0e2ec7-6f85-4041-9669-7145075d1754,9f0cb48e-b010-4c78-8f2c-660e22d2e603,1.541028130827E9,1.541028130827E9,0.62,false,DISCHARGING
Radar-test ,5c0e2ec7-6f85-4041-9669-7145075d1754,9f0cb48e-b010-4c78-8f2c-660e22d2e603,1.541028730779E9,1.541028730779E9,0.61,false,DISCHARGING
Radar-test ,5c0e2ec7-6f85-4041-9669-7145075d1754,9f0cb48e-b010-4c78-8f2c-660e22d2e603,1.541029330909E9,1.541029330909E9,0.6,false,DISCHARGING
Radar-test ,5c0e2ec7-6f85-4041-9669-7145075d1754,9f0cb48e-b010-4c78-8f2c-660e22d2e603,1.541029630798E9,1.541029630798E9,0.6,false,DISCHARGING
Radar-test ,5c0e2ec7-6f85-4041-9669-7145075d1754,9f0cb48e-b010-4c78-8f2c-660e22d2e603,1.541030230777E9,1.541030230777E9,0.59,false,DISCHARGING
