key.projectId,key.userId,key.sourceId,value.time,value.timeReceived,value.batteryLevel,value.isPlugged,value.status
Radar-test ,5c0e2ec7-6f85-4041-9669-7145075d1754,9f0cb48e-b010-4c78-8f2c-660e22d2e603,1.540476440593E9,1.540476440593E9,0.88,false,DISCHARGING
Radar-test ,5c0e2ec7-6f85-4041-9669-7145075d1754,9f0cb48e-b010-4c78-8f2c-660e22d2e603,1.540477040695E9,1.540477040695E9,0.87,false,DISCHARGING
Radar-test ,5c0e2ec7-6f85-4041-9669-7145075d1754,9f0cb48e-b010-4c78-8f2c-660e22d2e603,1.540477640673E9,1.540477640673E9,0.87,false,DISCHARGING
Radar-test ,5c0e2ec7-6f85-4041-9669-7145075d1754,9f0cb48e-b010-4c78-8f2c-660e22d2e603,1.540478240598E9,1.540478240598E9,0.86,false,DISCHARGING
Radar-test ,5c0e2ec7-6f85-4041-9669-7145075d1754,9f0cb48e-b010-4c78-8f2c-660e22d2e603,1.540478840592E9,1.540478840592E9,0.86,false,DISCHARGING
Radar-test ,5c0e2ec7-6f85-4041-9669-7145075d1754,9f0cb48e-b010-4c78-8f2c-660e22d2e603,1.540479440605E9,1.540479440605E9,0.85,false,DISCHARGING
