key.projectId,key.userId,key.sourceId,value.time,value.timeReceived,value.steps
Radar-test ,5c0e2ec7-6f85-4041-9669-7145075d1754,9f0cb48e-b010-4c78-8f2c-660e22d2e603,1.540472612425E9,1.540472612425E9,7
Radar-test ,5c0e2ec7-6f85-4041-9669-7145075d1754,9f0cb48e-b010-4c78-8f2c-660e22d2e603,1.540472612864E9,1.540472612864E9,1
Radar-test ,5c0e2ec7-6f85-4041-9669-7145075d1754,9f0cb48e-b010-4c78-8f2c-660e22d2e603,1.540472613786E9,1.540472613786E9,2
Radar-test ,5c0e2ec7-6f85-4041-9669-7145075d1754,9f0cb48e-b010-4c78-8f2c-660e22d2e603,1.540472614184E9,1.540472614184E9,1
Radar-test ,5c0e2ec7-6f85-4041-9669-7145075d1754,9f0cb48e-b010-4c78-8f2c-660e22d2e603,1.540472614726E9,1.540472614726E9,1
Radar-test ,5c0e2ec7-6f85-4041-9669-7145075d1754,9f0cb48e-b010-4c78-8f2c-660e22d2e603,1.540472615164E9,1.540472615164E9,1
