key.projectId,key.userId,key.sourceId,value.time,value.timeReceived,value.steps
Radar-test ,5c0e2ec7-6f85-4041-9669-7145075d1754,9f0cb48e-b010-4c78-8f2c-660e22d2e603,1.540892232732E9,1.540892232732E9,1
Radar-test ,5c0e2ec7-6f85-4041-9669-7145075d1754,9f0cb48e-b010-4c78-8f2c-660e22d2e603,1.540892702757E9,1.540892702757E9,1
