key.projectId,key.userId,key.sourceId,value.time,value.timeReceived,value.steps
Radar-test ,5c0e2ec7-6f85-4041-9669-7145075d1754,9f0cb48e-b010-4c78-8f2c-660e22d2e603,1.541016046871E9,1.541016046871E9,1
Radar-test ,5c0e2ec7-6f85-4041-9669-7145075d1754,9f0cb48e-b010-4c78-8f2c-660e22d2e603,1.541017188278E9,1.541017188278E9,1
Radar-test ,5c0e2ec7-6f85-4041-9669-7145075d1754,9f0cb48e-b010-4c78-8f2c-660e22d2e603,1.541019174696E9,1.541019174696E9,1
