key.projectId,key.userId,key.sourceId,value.time,value.timeReceived,value.batteryLevel,value.isPlugged,value.status
STAGING_PROJECT,072ddb22-82ef-4b81-8460-41ab096b54bb,fc184ba0-677f-4aae-a4ea-b2b8c7530b18,1.57203722567E9,1.57203722567E9,0.13,false,DISCHARGING
STAGING_PROJECT,072ddb22-82ef-4b81-8460-41ab096b54bb,fc184ba0-677f-4aae-a4ea-b2b8c7530b18,1.572037825709E9,1.572037825709E9,0.12,false,DISCHARGING
STAGING_PROJECT,072ddb22-82ef-4b81-8460-41ab096b54bb,fc184ba0-677f-4aae-a4ea-b2b8c7530b18,1.572038425675E9,1.572038425675E9,0.11,false,DISCHARGING
STAGING_PROJECT,072ddb22-82ef-4b81-8460-41ab096b54bb,fc184ba0-677f-4aae-a4ea-b2b8c7530b18,1.572039025598E9,1.572039025598E9,0.11,false,DISCHARGING
STAGING_PROJECT,072ddb22-82ef-4b81-8460-41ab096b54bb,fc184ba0-677f-4aae-a4ea-b2b8c7530b18,1.572039625637E9,1.572039625637E9,0.1,false,DISCHARGING
STAGING_PROJECT,072ddb22-82ef-4b81-8460-41ab096b54bb,fc184ba0-677f-4aae-a4ea-b2b8c7530b18,1.572040225629E9,1.572040225629E9,0.09,false,DISCHARGING
