key.projectId,key.userId,key.sourceId,value.time,value.timeReceived,value.batteryLevel,value.isPlugged,value.status
STAGING_PROJECT,072ddb22-82ef-4b81-8460-41ab096b54bb,fbbed041-f570-4c6c-8a7f-a866ac11fec0,1.572141961739E9,1.572141961739E9,0.06,false,DISCHARGING
STAGING_PROJECT,072ddb22-82ef-4b81-8460-41ab096b54bb,fbbed041-f570-4c6c-8a7f-a866ac11fec0,1.57214256178E9,1.57214256178E9,0.06,false,DISCHARGING
STAGING_PROJECT,072ddb22-82ef-4b81-8460-41ab096b54bb,fbbed041-f570-4c6c-8a7f-a866ac11fec0,1.572143161738E9,1.572143161738E9,0.04,false,DISCHARGING
STAGING_PROJECT,072ddb22-82ef-4b81-8460-41ab096b54bb,fbbed041-f570-4c6c-8a7f-a866ac11fec0,1.572143761817E9,1.572143761817E9,0.03,false,DISCHARGING
STAGING_PROJECT,072ddb22-82ef-4b81-8460-41ab096b54bb,fbbed041-f570-4c6c-8a7f-a866ac11fec0,1.572144361762E9,1.572144361762E9,0.02,false,DISCHARGING
