key.projectId,key.userId,key.sourceId,value.time,value.timeReceived,value.batteryLevel,value.isPlugged,value.status
STAGING_PROJECT,072ddb22-82ef-4b81-8460-41ab096b54bb,fbbed041-f570-4c6c-8a7f-a866ac11fec0,1.572073861701E9,1.572073861701E9,0.94,false,DISCHARGING
STAGING_PROJECT,072ddb22-82ef-4b81-8460-41ab096b54bb,fbbed041-f570-4c6c-8a7f-a866ac11fec0,1.572074461725E9,1.572074461725E9,0.91,false,DISCHARGING
STAGING_PROJECT,072ddb22-82ef-4b81-8460-41ab096b54bb,fbbed041-f570-4c6c-8a7f-a866ac11fec0,1.572075061699E9,1.572075061699E9,0.9,false,DISCHARGING
STAGING_PROJECT,072ddb22-82ef-4b81-8460-41ab096b54bb,fbbed041-f570-4c6c-8a7f-a866ac11fec0,1.572075661739E9,1.572075661739E9,0.87,false,DISCHARGING
STAGING_PROJECT,072ddb22-82ef-4b81-8460-41ab096b54bb,fbbed041-f570-4c6c-8a7f-a866ac11fec0,1.572076261709E9,1.572076261709E9,0.84,false,DISCHARGING
