key.projectId,key.userId,key.sourceId,value.time,value.timeReceived,value.batteryLevel,value.isPlugged,value.status
STAGING_PROJECT,072ddb22-82ef-4b81-8460-41ab096b54bb,fc184ba0-677f-4aae-a4ea-b2b8c7530b18,1.572030025598E9,1.572030025598E9,0.27,false,DISCHARGING
STAGING_PROJECT,072ddb22-82ef-4b81-8460-41ab096b54bb,fc184ba0-677f-4aae-a4ea-b2b8c7530b18,1.572030640514E9,1.572030640514E9,0.25,false,DISCHARGING
STAGING_PROJECT,072ddb22-82ef-4b81-8460-41ab096b54bb,fc184ba0-677f-4aae-a4ea-b2b8c7530b18,1.572031225695E9,1.572031225695E9,0.23,false,DISCHARGING
STAGING_PROJECT,072ddb22-82ef-4b81-8460-41ab096b54bb,fc184ba0-677f-4aae-a4ea-b2b8c7530b18,1.572031825593E9,1.572031825593E9,0.22,false,DISCHARGING
STAGING_PROJECT,072ddb22-82ef-4b81-8460-41ab096b54bb,fc184ba0-677f-4aae-a4ea-b2b8c7530b18,1.572032425603E9,1.572032425603E9,0.22,false,DISCHARGING
STAGING_PROJECT,072ddb22-82ef-4b81-8460-41ab096b54bb,fc184ba0-677f-4aae-a4ea-b2b8c7530b18,1.572033025846E9,1.572033025846E9,0.21,false,DISCHARGING
