key.projectId,key.userId,key.sourceId,value.time,value.timeReceived,value.batteryLevel,value.isPlugged,value.status
STAGING_PROJECT,072ddb22-82ef-4b81-8460-41ab096b54bb,fbbed041-f570-4c6c-8a7f-a866ac11fec0,1.572055800152E9,1.572055800152E9,1.0,true,FULL
STAGING_PROJECT,072ddb22-82ef-4b81-8460-41ab096b54bb,fbbed041-f570-4c6c-8a7f-a866ac11fec0,1.572056400056E9,1.572056400056E9,1.0,true,FULL
STAGING_PROJECT,072ddb22-82ef-4b81-8460-41ab096b54bb,fbbed041-f570-4c6c-8a7f-a866ac11fec0,1.572057053641E9,1.572057053641E9,1.0,true,FULL
STAGING_PROJECT,072ddb22-82ef-4b81-8460-41ab096b54bb,fbbed041-f570-4c6c-8a7f-a866ac11fec0,1.572057654272E9,1.572057654272E9,1.0,true,FULL
STAGING_PROJECT,072ddb22-82ef-4b81-8460-41ab096b54bb,fbbed041-f570-4c6c-8a7f-a866ac11fec0,1.572058255573E9,1.572058255573E9,1.0,true,FULL
