key.projectId,key.userId,key.sourceId,value.time,value.timeReceived,value.batteryLevel,value.isPlugged,value.status
STAGING_PROJECT,072ddb22-82ef-4b81-8460-41ab096b54bb,fbbed041-f570-4c6c-8a7f-a866ac11fec0,1.572196046463E9,1.572196046463E9,0.45,false,DISCHARGING
STAGING_PROJECT,072ddb22-82ef-4b81-8460-41ab096b54bb,fbbed041-f570-4c6c-8a7f-a866ac11fec0,1.57219664648E9,1.57219664648E9,0.45,false,DISCHARGING
STAGING_PROJECT,072ddb22-82ef-4b81-8460-41ab096b54bb,fbbed041-f570-4c6c-8a7f-a866ac11fec0,1.572197246512E9,1.572197246512E9,0.44,false,DISCHARGING
STAGING_PROJECT,072ddb22-82ef-4b81-8460-41ab096b54bb,fbbed041-f570-4c6c-8a7f-a866ac11fec0,1.572197846781E9,1.572197846781E9,0.44,false,DISCHARGING
STAGING_PROJECT,072ddb22-82ef-4b81-8460-41ab096b54bb,fbbed041-f570-4c6c-8a7f-a866ac11fec0,1.572198446468E9,1.572198446468E9,0.44,false,DISCHARGING
STAGING_PROJECT,072ddb22-82ef-4b81-8460-41ab096b54bb,fbbed041-f570-4c6c-8a7f-a866ac11fec0,1.572199046461E9,1.572199046461E9,0.43,false,DISCHARGING
