key.projectId,key.userId,key.sourceId,value.time,value.timeReceived,value.batteryLevel,value.isPlugged,value.status
STAGING_PROJECT,072ddb22-82ef-4b81-8460-41ab096b54bb,fc184ba0-677f-4aae-a4ea-b2b8c7530b18,1.5720228257E9,1.5720228257E9,0.47,false,DISCHARGING
STAGING_PROJECT,072ddb22-82ef-4b81-8460-41ab096b54bb,fc184ba0-677f-4aae-a4ea-b2b8c7530b18,1.57202342561E9,1.57202342561E9,0.46,false,DISCHARGING
STAGING_PROJECT,072ddb22-82ef-4b81-8460-41ab096b54bb,fc184ba0-677f-4aae-a4ea-b2b8c7530b18,1.572024025655E9,1.572024025655E9,0.45,false,DISCHARGING
STAGING_PROJECT,072ddb22-82ef-4b81-8460-41ab096b54bb,fc184ba0-677f-4aae-a4ea-b2b8c7530b18,1.57202462562E9,1.57202462562E9,0.44,false,DISCHARGING
STAGING_PROJECT,072ddb22-82ef-4b81-8460-41ab096b54bb,fc184ba0-677f-4aae-a4ea-b2b8c7530b18,1.5720252256E9,1.5720252256E9,0.43,false,DISCHARGING
STAGING_PROJECT,072ddb22-82ef-4b81-8460-41ab096b54bb,fc184ba0-677f-4aae-a4ea-b2b8c7530b18,1.572025825657E9,1.572025825657E9,0.42,false,DISCHARGING
