key.projectId,key.userId,key.sourceId,value.time,value.timeReceived,value.batteryLevel,value.isPlugged,value.status
STAGING_PROJECT,072ddb22-82ef-4b81-8460-41ab096b54bb,fbbed041-f570-4c6c-8a7f-a866ac11fec0,1.572206846462E9,1.572206846462E9,0.32,false,DISCHARGING
STAGING_PROJECT,072ddb22-82ef-4b81-8460-41ab096b54bb,fbbed041-f570-4c6c-8a7f-a866ac11fec0,1.572207446465E9,1.572207446465E9,0.32,false,DISCHARGING
STAGING_PROJECT,072ddb22-82ef-4b81-8460-41ab096b54bb,fbbed041-f570-4c6c-8a7f-a866ac11fec0,1.572208046472E9,1.572208046472E9,0.31,false,DISCHARGING
STAGING_PROJECT,072ddb22-82ef-4b81-8460-41ab096b54bb,fbbed041-f570-4c6c-8a7f-a866ac11fec0,1.572208646481E9,1.572208646481E9,0.3,false,DISCHARGING
STAGING_PROJECT,072ddb22-82ef-4b81-8460-41ab096b54bb,fbbed041-f570-4c6c-8a7f-a866ac11fec0,1.572209246463E9,1.572209246463E9,0.29,false,DISCHARGING
STAGING_PROJECT,072ddb22-82ef-4b81-8460-41ab096b54bb,fbbed041-f570-4c6c-8a7f-a866ac11fec0,1.572209846477E9,1.572209846477E9,0.27,false,DISCHARGING
