key.projectId,key.userId,key.sourceId,value.time,value.timeReceived,value.steps
Radar-test ,07a69f47-1923-4cfc-b89b-0eefad483f43,b9b1fe39-4ed0-45eb-ab0e-9591d49c0e9e,1.570714747101E9,1.570714747101E9,7
Radar-test ,07a69f47-1923-4cfc-b89b-0eefad483f43,b9b1fe39-4ed0-45eb-ab0e-9591d49c0e9e,1.57071474812E9,1.57071474812E9,1
