key.projectId,key.userId,key.sourceId,value.time,value.timeReceived,value.steps
Radar-test ,07a69f47-1923-4cfc-b89b-0eefad483f43,b9b1fe39-4ed0-45eb-ab0e-9591d49c0e9e,1.602501273388E9,1.602501273388E9,1
Radar-test ,07a69f47-1923-4cfc-b89b-0eefad483f43,cc8a9c33-f5c6-4729-ae05-37956b3a9d83,1.602501451636E9,1.602501451636E9,1
Radar-test ,07a69f47-1923-4cfc-b89b-0eefad483f43,cc8a9c33-f5c6-4729-ae05-37956b3a9d83,1.602501469616E9,1.602501469616E9,0
Radar-test ,07a69f47-1923-4cfc-b89b-0eefad483f43,b9b1fe39-4ed0-45eb-ab0e-9591d49c0e9e,1.602502693726E9,1.602502693726E9,1
Radar-test ,07a69f47-1923-4cfc-b89b-0eefad483f43,b9b1fe39-4ed0-45eb-ab0e-9591d49c0e9e,1.602502862292E9,1.602502862292E9,1
Radar-test ,07a69f47-1923-4cfc-b89b-0eefad483f43,b9b1fe39-4ed0-45eb-ab0e-9591d49c0e9e,1.602503198687E9,1.602503198687E9,1
