key.projectId,key.userId,key.sourceId,value.time,value.timeReceived,value.steps
STAGING_PROJECT,072ddb22-82ef-4b81-8460-41ab096b54bb,fc184ba0-677f-4aae-a4ea-b2b8c7530b18,1.572018526699E9,1.572018526699E9,6
STAGING_PROJECT,072ddb22-82ef-4b81-8460-41ab096b54bb,fc184ba0-677f-4aae-a4ea-b2b8c7530b18,1.572018527321E9,1.572018527321E9,1
