key.projectId,key.userId,key.sourceId,value.time,value.timeReceived,value.steps
STAGING_PROJECT,072ddb22-82ef-4b81-8460-41ab096b54bb,fc184ba0-677f-4aae-a4ea-b2b8c7530b18,1.572037384587E9,1.572037384587E9,7
STAGING_PROJECT,072ddb22-82ef-4b81-8460-41ab096b54bb,fc184ba0-677f-4aae-a4ea-b2b8c7530b18,1.572037384907E9,1.572037384907E9,1
STAGING_PROJECT,072ddb22-82ef-4b81-8460-41ab096b54bb,fc184ba0-677f-4aae-a4ea-b2b8c7530b18,1.572037385327E9,1.572037385327E9,1
STAGING_PROJECT,072ddb22-82ef-4b81-8460-41ab096b54bb,fc184ba0-677f-4aae-a4ea-b2b8c7530b18,1.572037386088E9,1.572037386088E9,1
STAGING_PROJECT,072ddb22-82ef-4b81-8460-41ab096b54bb,fc184ba0-677f-4aae-a4ea-b2b8c7530b18,1.572037386507E9,1.572037386507E9,1
STAGING_PROJECT,072ddb22-82ef-4b81-8460-41ab096b54bb,fc184ba0-677f-4aae-a4ea-b2b8c7530b18,1.572037710431E9,1.572037710431E9,7
STAGING_PROJECT,072ddb22-82ef-4b81-8460-41ab096b54bb,fc184ba0-677f-4aae-a4ea-b2b8c7530b18,1.572040705809E9,1.572040705809E9,7
